"player","player_id","position","team_name","player_game_count","attempts","attempts_with_hangtime","average_hangtime","average_net_yards","average_yards_per_attempt","average_yards_per_return","blocks","declined_penalties","downeds","fair_catches","franchise_id","grades_punter","inside_twenties","long","out_of_bounds","penalties","percent_returned","return_yards","returns","snaps","total_hangtime","total_net_yards","touchbacks","yards","season"
"B.Moorman",562,"P","BUF",11,61,61,4.41,36.62,41.16,7.6,0,0,4,17,4,55.2,17,62,10,0,42.6,197,26,61,269.1,2234,4,2511,2013
"S.Lechler",673,"P","HST",16,88,88,4.63,39.51,47.4,12.9,0,0,14,23,13,90.3,36,65,1,0,48.9,554,43,88,407.7,3477,7,4171,2013
"T.Brady",698,"QB","NE",1,1,1,3.6,32,32,NA,0,0,0,0,19,NA,0,32,0,0,0,0,0,1,3.6,32,0,32,2013
"D.Zastudil",1113,"P","ARZ",16,78,78,4.28,40.06,45.72,8.9,0,0,13,20,1,69,35,60,3,0,46.2,321,36,78,333.6,3125,6,3566,2013
"B.Cundiff",1230,"K","CLV",1,1,1,3.2,14,34,NA,0,0,0,0,8,60,0,34,0,0,0,0,0,1,3.2,14,1,34,2013
"M.Scifres",1458,"P","SD",18,66,66,4.6,39.59,43.68,9.2,0,0,11,22,27,76.4,35,62,6,0,37.9,230,25,66,303.9,2613,2,2883,2013
"M.McBriar",1659,"P","PIT",9,41,41,4.01,34.51,39.83,8.3,0,0,4,10,25,54.5,13,70,5,0,46.3,158,19,41,164.6,1415,3,1633,2013
"B.Roethlisberger",1732,"QB","PIT",1,1,1,2.5,28,28,NA,0,0,1,0,25,60,1,28,0,0,0,0,0,1,2.5,28,0,28,2013
"A.Lee",1906,"P","SF",19,88,88,4.44,40.94,47.36,8.9,0,0,10,22,28,72.8,33,62,3,0,46.6,365,41,88,390.3,3603,10,4168,2013
"D.Jones",1939,"P","PHI",17,87,87,4.28,40.82,45.11,8.5,0,0,19,22,24,63.4,36,70,8,0,34.5,254,30,88,372.3,3551,6,3925,2013
"M.Nugent",2264,"K","CIN",1,2,2,2.7,40,40,NA,0,0,2,0,7,58.8,0,43,0,0,0,0,0,2,5.4,80,0,80,2013
"D.Colquitt",2316,"P","KC",17,89,89,4.31,40.65,45.89,7,0,0,15,21,16,67.4,42,65,4,0,39.3,246,35,90,383.7,3618,11,4084,2013
"M.Koenen",2682,"P","TB",16,87,87,4.35,38.38,44.28,12.3,0,0,13,20,30,65.6,20,62,14,0,36.8,393,32,87,378.3,3339,6,3852,2013
"S.Gostkowski",3063,"K","NE",1,5,5,4.42,36.6,41.8,3,0,0,1,1,19,57.3,2,53,0,0,40,6,2,5,22.1,183,1,209,2013
"S.Koch",3148,"P","BLT",16,90,90,4.23,39.21,45.87,9.5,0,0,9,14,3,70.2,29,69,12,0,48.9,419,44,91,380.5,3529,9,4128,2013
"J.Ryan",3493,"P","SEA",19,83,83,4.48,40.05,42.35,4,0,0,20,33,29,64,33,69,2,0,27.7,91,23,85,371.5,3324,5,3515,2013
"S.Weatherford",3552,"P","NYG",16,91,91,4.19,38.19,46.93,13.7,0,0,7,17,21,68.4,25,68,11,1,52.7,656,48,91,381.4,3475,7,4271,2013
"A.Podlesh",3717,"P","CHI",15,68,68,4.11,38.41,40.63,7.9,0,0,15,25,6,53,29,65,11,0,20.6,111,14,69,279.4,2612,2,2763,2013
"B.Fields",3841,"P","MIA",16,85,85,4.12,42.39,48.82,9.5,0,0,9,13,17,70.8,32,74,14,0,50.6,407,43,85,350,3603,7,4150,2013
"S.Rocca",4274,"P","WAS",16,84,84,4.22,34.24,42.04,16.8,0,0,9,18,32,62.2,29,63,17,0,46.4,655,39,85,354.5,2876,0,3531,2013
"B.Kern",4580,"P","TEN",16,78,78,4.41,40.19,43.4,6,0,0,9,25,31,71,37,63,7,0,44.9,210,35,80,343.9,3135,2,3385,2013
"K.Huber",5066,"P","CIN",14,66,66,4.38,40.17,44.85,9.2,0,0,5,20,7,72.2,26,75,12,0,37.9,229,25,66,289.4,2651,4,2960,2013
"T.Morstead",5088,"P","NO",18,68,68,4.47,40.82,45.57,8.6,0,0,8,13,20,86.5,29,61,14,1,38.2,223,26,68,304,2776,5,3099,2013
"P.McAfee",5146,"P","IND",18,82,82,4.41,39.61,46.41,12.5,0,0,16,17,14,86.6,30,65,8,0,42.7,438,35,83,361.5,3248,6,3806,2013
"R.Succop",5180,"K","KC",1,1,1,2.4,9,29,NA,0,0,0,0,16,60,0,29,0,0,0,0,0,1,2.4,9,1,29,2013
"B.Colquitt",5192,"P","DEN",17,68,68,4.55,38.93,44.13,9.8,0,0,9,27,10,72.3,26,60,0,0,41.2,274,28,69,309.1,2647,4,3001,2013
"T.Masthay",5510,"P","GB",16,69,69,4.3,38.58,44.1,12.8,0,0,13,20,12,63,23,62,8,0,31.9,281,22,69,296.7,2662,5,3043,2013
"Z.Mesko",5673,"P","CIN",8,37,37,4.19,36.41,42.24,9.2,0,0,6,8,7,56.4,7,65,3,0,45.9,156,17,37,154.9,1347,3,1563,2013
"R.Malone",6116,"P","NYJ",2,16,16,4.43,36.94,46.13,11.9,0,0,1,2,22,64.2,4,84,2,0,56.3,107,9,16,70.8,591,2,738,2013
"M.Bosher",6344,"P","ATL",16,68,68,4.6,42.26,46.54,7.8,0,0,9,23,2,82.8,26,63,1,1,47.1,251,32,70,312.7,2874,2,3165,2013
"S.Lanning",6566,"P","CLV",16,84,84,4.22,38.11,43.55,9.4,0,0,11,25,8,59.9,28,59,5,0,45.2,357,38,85,354.2,3201,5,3658,2013
"C.Jones",6798,"P","DAL",16,77,77,4.59,38.92,44.88,9.7,0,0,5,27,9,75.4,29,62,2,0,45.5,339,35,77,353.1,2997,6,3456,2013
"B.Anger",7072,"P","JAX",16,95,95,4.48,40.65,45.81,7.2,0,0,12,22,15,66.7,33,61,6,0,48.4,330,46,95,425.2,3862,8,4352,2013
"B.Nortman",7192,"P","CAR",17,72,72,4.48,41.5,47.54,9.9,0,0,10,15,5,81,29,72,6,0,47.2,335,34,72,322.6,2988,5,3423,2013
"J.Hekker",7252,"P","SL",16,78,78,4.64,44.28,46.32,2.6,0,0,10,23,26,90.8,21,64,10,0,38.5,79,30,78,361.7,3454,4,3613,2013
"S.Powell",7269,"P","CIN",7,42,42,4.21,35.14,44.79,14.5,0,1,3,7,7,64.2,13,66,6,1,50,305,21,43,177,1476,5,1881,2013
"M.King",7410,"P","OAK",16,84,84,4.22,41.06,48.83,10.6,0,0,11,11,23,54.5,24,66,9,0,48.8,433,41,86,354.6,3449,11,4102,2013
"R.Quigley",7573,"P","NYJ",14,72,72,4.36,39.35,45.49,11.2,0,0,6,19,22,68,23,67,10,0,47.2,382,34,73,313.9,2833,3,3275,2013
"J.Locke",7937,"P","MIN",16,75,75,4.27,39.13,44.17,9.1,0,0,15,20,18,52.5,24,65,1,0,46.7,318,35,75,320.1,2935,3,3313,2013
"S.Martin",7947,"P","DET",16,72,72,4.41,41.15,47.13,7.6,0,0,8,18,11,74.7,24,72,5,0,45.8,250,33,73,317.7,2963,9,3393,2013
"R.Allen",8242,"P","NE",18,80,80,4.35,40.11,45.86,7.6,0,0,17,14,19,69.2,33,65,7,0,36.3,220,29,80,347.8,3209,12,3669,2013
"S.Lechler",673,"P","HST",16,83,83,4.31,38.78,46.05,12.6,0,0,12,25,13,63.6,32,71,4,0,38.6,403,32,84,357.88,3219,10,3822,2014
"D.Zastudil",1113,"P","ARZ",1,11,11,4.03,36.27,42.45,8,0,0,0,2,1,47.5,2,53,2,0,54.5,48,6,11,44.3,399,1,467,2014
"M.Scifres",1458,"P","SD",13,55,55,4.58,39.51,45.71,10.5,0,1,9,12,27,74.3,22,72,7,1,38.2,221,21,56,252.15,2173,6,2514,2014
"M.McBriar",1659,"P","SD",3,13,13,4.15,35.38,46.92,13,0,0,0,1,27,56.9,2,58,1,0,76.9,130,10,13,53.89,460,1,610,2014
"B.Roethlisberger",1732,"QB","PIT",1,0,0,0,0,0,NA,0,0,0,0,25,60,0,0,0,0,0,0,0,1,0,0,0,0,2014
"A.Lee",1906,"P","SF",16,72,72,4.49,40.19,46.81,9.6,0,1,3,22,28,75.4,29,71,3,1,48.6,336,35,74,323.05,2894,7,3370,2014
"D.Jones",1939,"P","PHI",16,76,76,4.29,38.86,43.83,8.2,0,0,13,22,24,60.1,35,68,5,0,38.2,238,29,76,326.04,2953,7,3331,2014
"D.Colquitt",2316,"P","KC",16,71,71,4.41,40.44,44.48,6.7,0,0,13,20,16,71.8,33,69,2,0,39.4,187,28,71,312.87,2871,5,3158,2014
"M.Koenen",2682,"P","TB",16,79,79,4.33,37.04,39.92,5.9,0,0,14,26,30,51.1,19,56,6,0,40.5,188,32,79,341.68,2926,2,3154,2014
"N.Novak",2726,"K","SD",1,6,6,4.33,36.67,40,5,0,0,0,2,27,52.6,1,51,0,0,66.7,20,4,6,25.95,220,0,240,2014
"S.Koch",3148,"P","BLT",18,65,65,4.22,42.75,47.23,8.1,0,0,7,14,3,71.4,29,73,13,0,40,211,26,66,274.48,2779,4,3070,2014
"J.Ryan",3493,"P","SEA",19,76,76,4.53,38.51,43.67,12.4,0,0,9,30,29,79.5,34,66,8,0,28.9,272,22,77,344.11,2927,6,3319,2014
"S.Weatherford",3552,"P","NYG",16,80,80,4.12,39.08,45.5,10.6,0,0,15,17,21,61.8,26,71,5,0,46.3,394,37,81,329.77,3126,6,3640,2014
"B.Fields",3841,"P","MIA",16,58,58,4.1,38.97,46.31,10.2,0,1,3,11,17,61.2,23,60,5,1,62.1,366,36,60,237.84,2260,3,2686,2014
"B.Kern",4580,"P","TEN",16,88,88,4.38,41.23,46.8,8.1,0,0,6,25,31,73.2,31,79,7,0,48.9,350,43,89,385.62,3628,7,4118,2014
"K.Huber",5066,"P","CIN",17,81,81,4.32,42.07,46.78,7.5,0,0,14,17,7,67.4,32,69,9,0,43.2,261,35,81,350.12,3408,6,3789,2014
"T.Morstead",5088,"P","NO",15,58,58,4.58,42.81,46.21,4,0,1,10,12,20,85,21,63,5,1,41.4,97,24,59,265.84,2483,5,2680,2014
"P.McAfee",5146,"P","IND",19,81,81,4.53,41.69,46.81,7.6,0,0,6,21,14,90.1,30,68,8,0,48.1,295,39,81,366.76,3377,6,3792,2014
"B.Colquitt",5192,"P","DEN",17,75,75,4.45,37.43,43.53,11.5,0,0,8,20,10,60.3,27,65,8,0,44,378,33,75,334.12,2807,4,3265,2014
"T.Masthay",5510,"P","GB",16,56,56,4.18,37.95,43.02,8.3,0,0,10,11,12,46.1,16,63,5,0,48.2,224,27,58,233.84,2125,3,2409,2014
"M.Bosher",6344,"P","ATL",16,67,67,4.76,40.75,45.67,10,0,0,3,29,2,87,27,66,5,0,37.3,250,25,67,318.59,2730,4,3060,2014
"S.Lanning",6566,"P","CLV",16,93,93,4.34,39.18,44.45,7.4,0,0,11,26,8,54.8,27,63,4,0,45.2,310,42,94,403.85,3644,9,4134,2014
"C.Jones",6798,"P","DAL",18,63,63,4.48,40.73,45.52,9.3,0,0,5,17,9,73.7,26,62,9,0,41.3,242,26,64,282.04,2566,3,2868,2014
"B.Anger",7072,"P","JAX",16,94,94,4.48,39.29,47.28,10.8,0,0,5,20,15,70,27,69,7,0,54.3,551,51,96,421.02,3693,10,4444,2014
"B.Nortman",7192,"P","CAR",18,80,80,4.47,36.81,43.86,15.3,0,0,15,25,5,65.7,31,72,5,0,36.3,444,29,82,357.98,2945,6,3509,2014
"J.Hekker",7252,"P","SL",16,80,80,4.59,42.86,46.51,7.1,0,0,10,28,26,92.1,35,61,10,0,33.8,192,27,81,367.52,3429,5,3721,2014
"D.Butler",7302,"P","ARZ",16,88,88,4.55,37.67,41.38,8.7,0,0,10,41,1,58.5,36,67,6,0,29.5,226,26,90,400.54,3315,5,3641,2014
"M.King",7410,"P","OAK",16,109,109,4.5,39.88,45.17,11.2,0,0,21,33,23,64.8,32,62,5,0,42.2,516,46,109,490.71,4347,3,4923,2014
"R.Quigley",7573,"P","NYJ",16,78,78,4.45,40.44,45.95,10.4,0,0,9,24,22,72.8,25,69,10,0,30.8,250,24,79,346.72,3154,9,3584,2014
"J.Locke",7937,"P","MIN",16,75,75,4.35,39.08,44.16,6.7,0,0,10,20,18,53.3,27,62,1,0,52,261,39,76,326.06,2931,6,3312,2014
"S.Martin",7947,"P","DET",17,72,72,4.7,39.17,44.97,9.9,0,0,9,25,11,87.7,30,71,3,0,44.4,318,32,72,338.47,2820,5,3238,2014
"C.Schmidt",8104,"P","BUF",16,86,86,4.42,38.63,42.88,6.6,0,0,11,20,4,63.3,34,67,11,0,43,246,37,86,380.02,3322,6,3688,2014
"R.Allen",8242,"P","NE",19,78,78,4.25,39.81,45.58,8.4,0,0,11,16,19,55.3,30,67,6,0,47.4,310,37,79,331.3,3105,7,3555,2014
"B.Wing",8256,"P","PIT",17,64,64,4.33,38.56,43.41,8.5,0,0,10,20,25,55.9,25,74,3,0,42.2,230,27,64,277.15,2468,4,2778,2014
"T.Way",8358,"P","WAS",16,76,76,4.57,40.29,47.5,10.5,0,0,12,11,32,75.3,22,77,6,0,51.3,408,39,77,347.55,3062,7,3610,2014
"P.O'Donnell",8826,"P","CHI",15,71,71,4.44,38.25,43.85,10.9,0,0,8,21,6,71.9,23,63,8,0,43.7,337,31,72,314.94,2716,3,3113,2014
"P.Dawson",422,"K","SF",1,1,1,4.38,47,48,1,0,0,0,0,28,60,0,48,0,0,100,1,1,1,4.38,47,0,48,2015
"S.Lechler",673,"P","HST",17,100,100,4.36,38.35,46.98,10.5,0,0,8,16,13,58.7,28,64,2,0,63,663,63,100,435.91,3835,10,4698,2015
"M.Scifres",1458,"P","SD",16,72,72,4.22,38.42,45.29,10.6,1,0,8,15,27,43.9,15,68,4,0,59.7,455,43,73,303.81,2766,2,3261,2015
"A.Lee",1906,"P","CLV",16,70,70,4.44,40.11,46.7,10.3,0,0,7,15,8,71.6,28,67,7,0,52.9,381,37,70,310.73,2808,4,3269,2015
"D.Jones",1939,"P","PHI",16,86,86,4.4,42.6,46.97,5.1,0,1,12,23,24,63.8,31,64,1,1,48.8,215,42,89,378.67,3664,8,4039,2015
"D.Colquitt",2316,"P","KC",18,82,82,4.38,40.6,44.16,7.1,0,0,15,25,16,75.8,42,62,10,0,32.9,192,27,82,359.13,3329,5,3621,2015
"N.Novak",2726,"K","HST",1,1,1,4.27,16,36,NA,0,0,0,0,13,60,0,36,0,0,0,0,0,1,4.27,16,1,36,2015
"S.Koch",3148,"P","BLT",16,74,74,4.35,43.11,46.57,5.2,0,0,11,13,3,86.9,31,67,11,0,45.9,176,34,74,321.89,3190,4,3446,2015
"J.Ryan",3493,"P","SEA",18,76,76,4.35,37.32,44.28,12.2,0,0,11,21,29,69.5,32,69,5,0,42.1,389,32,76,330.45,2836,7,3365,2015
"S.Weatherford",3552,"P","NYJ",1,4,4,4.1,30.75,40.25,12.7,0,0,1,0,22,53,0,50,0,0,75,38,3,4,16.38,123,0,161,2015
"B.Fields",3841,"P","NO",2,10,10,3.99,35.1,41.2,10.5,0,0,2,1,20,54.4,4,57,3,0,20,21,2,10,39.87,351,2,412,2015
"B.Kern",4580,"P","TEN",16,88,88,4.45,40.34,47.44,12.9,0,0,6,22,31,87.6,37,61,10,0,53.4,605,47,88,391.31,3550,1,4175,2015
"K.Huber",5066,"P","CIN",17,74,74,4.36,40.39,44.86,6.4,0,0,13,17,7,59.4,26,67,4,0,44.6,211,33,75,322.46,2989,6,3320,2015
"T.Morstead",5088,"P","NO",14,56,56,4.44,40.66,45.55,8.1,0,0,2,14,20,70.7,20,58,12,0,42.9,194,24,56,248.42,2277,4,2551,2015
"P.McAfee",5146,"P","IND",16,85,85,4.64,41.71,47.66,10.7,0,0,12,23,14,91.9,31,63,7,0,42.4,386,36,85,394.16,3545,6,4051,2015
"B.Colquitt",5192,"P","DEN",19,107,107,4.36,40.29,44.01,6.6,0,0,18,19,10,72,34,62,16,0,44.9,318,48,107,466.99,4311,4,4709,2015
"T.Masthay",5510,"P","GB",18,89,89,4.16,39.62,43.11,4.5,0,0,8,17,12,46.8,23,62,15,0,47.2,191,42,89,370.46,3526,6,3837,2015
"M.Bosher",6344,"P","ATL",15,58,58,4.47,41.09,47.16,9.7,0,0,5,19,2,75,25,69,2,0,48.3,272,28,59,259.47,2383,4,2735,2015
"S.Lanning",6566,"P","CHI",1,3,3,3.97,36,45.67,9.7,0,0,0,0,6,60.1,1,52,0,0,100,29,3,3,11.9,108,0,137,2015
"C.Jones",6798,"P","DAL",16,69,69,4.46,42.54,44.88,6.8,0,0,7,22,9,82.4,31,60,14,0,34.8,162,24,69,307.83,2935,0,3097,2015
"B.Anger",7072,"P","JAX",16,80,80,4.48,39.21,46.29,10.6,0,0,6,22,15,71.9,29,63,2,0,57.5,486,46,80,358.25,3137,4,3703,2015
"B.Nortman",7192,"P","CAR",19,85,85,4.49,38.69,44.36,9.1,0,1,5,27,5,65.1,24,65,6,2,47.1,362,40,86,381.88,3289,6,3771,2015
"J.Hekker",7252,"P","SL",16,97,97,4.39,43.03,47.33,7.4,0,1,18,25,26,77.1,44,68,7,2,41.2,297,40,97,425.77,4174,6,4591,2015
"D.Butler",7302,"P","ARZ",18,67,67,4.52,36.36,43.12,11.9,0,0,8,22,1,65.5,26,58,3,0,41.8,333,28,68,302.88,2436,6,2889,2015
"M.King",7410,"P","OAK",16,83,83,4.33,41,44.39,6.9,0,0,20,20,23,70.7,42,70,9,0,34.9,201,29,84,359.76,3403,4,3684,2015
"R.Quigley",7573,"P","NYJ",15,75,75,4.43,36.75,43.57,12.7,0,0,8,14,22,70.4,29,68,14,0,45.3,432,34,76,332.17,2756,4,3268,2015
"J.Locke",7937,"P","MIN",17,71,71,4.23,37.45,41.1,5,0,0,10,22,18,43,28,61,2,0,45.1,159,32,71,300.6,2659,5,2918,2015
"S.Martin",7947,"P","DET",16,80,80,4.55,41.94,45.98,6.3,0,0,11,19,11,74.6,26,66,4,0,52.5,263,42,80,364.04,3355,3,3678,2015
"C.Schmidt",8104,"P","BUF",16,81,81,4.33,40.85,45.95,8.8,0,0,10,20,4,69.2,22,65,8,0,49.4,353,40,81,350.87,3309,3,3722,2015
"R.Allen",8242,"P","NE",17,82,82,4.3,40.12,45.91,9,1,0,7,15,19,67.6,33,67,12,0,53.7,395,44,83,352.26,3290,4,3765,2015
"B.Wing",8256,"P","NYG",16,76,76,4.3,38.63,44.16,10,0,0,17,22,21,54,34,64,2,1,39.5,300,30,76,326.86,2936,6,3356,2015
"T.Way",8358,"P","WAS",17,75,75,4.44,40.67,46.36,9.3,0,0,17,14,32,74.1,26,64,5,0,41.3,287,31,76,333.11,3050,7,3477,2015
"B.McManus",8437,"K","DEN",1,1,1,4.27,1,21,NA,0,0,0,0,10,60,0,21,0,0,0,0,0,1,4.27,1,1,21,2015
"P.O'Donnell",8826,"P","CHI",15,70,70,4.49,39.74,43.74,8,0,0,11,22,6,63.8,32,63,6,0,35.7,200,25,71,314.01,2782,4,3062,2015
"Z.Hocker",8862,"K","SL",1,1,1,4.62,43,43,NA,0,0,0,1,26,60,1,43,0,0,0,0,0,1,4.62,43,0,43,2015
"J.Schum",9373,"P","TB",16,56,56,4.53,37.61,41.54,5.2,0,0,7,16,30,68.5,16,56,3,0,48.2,140,27,56,253.79,2106,4,2326,2015
"B.Pinion",9598,"P","SF",16,91,91,4.4,38.85,43.38,7.5,0,0,8,22,28,62.2,31,62,13,0,46.2,313,42,91,400.56,3535,5,3948,2015
"M.Darr",9812,"P","MIA",16,92,92,4.16,39.79,47.57,10.3,0,0,10,15,17,58.5,32,70,8,1,56.5,535,52,92,383.03,3661,9,4376,2015
"J.Berry",10236,"P","PIT",18,72,72,4.43,37.83,42.01,11,0,0,15,25,25,62.9,33,66,7,0,30.6,241,22,72,319.19,2724,3,3025,2015
"S.Lechler",673,"P","HST",18,89,89,4.27,39.38,46.94,10.1,0,0,3,18,13,69.6,38,63,5,0,64,573,57,89,380.43,3505,5,4178,2016
"M.Bryant",1223,"K","ATL",1,2,2,4.02,33.5,33.5,NA,0,0,0,2,2,59.2,0,36,0,0,0,0,0,2,8.03,67,0,67,2016
"A.Lee",1906,"P","CAR",9,36,36,4.45,40.36,49.14,13.9,0,0,7,7,5,72.4,18,76,1,0,47.2,236,17,36,160.03,1453,4,1769,2016
"D.Jones",1939,"P","PHI",16,63,63,4.29,40.73,45.84,8.4,0,0,11,15,24,64.3,23,72,6,0,38.1,202,24,63,270.04,2566,6,2888,2016
"D.Colquitt",2316,"P","KC",17,80,80,4.52,40.8,45.13,5.4,0,0,6,28,16,74.9,40,64,5,0,38.8,166,31,80,361.9,3264,9,3610,2016
"S.Koch",3148,"P","BLT",16,80,80,4.31,39.88,45.81,11.7,0,0,10,14,3,79.9,38,68,18,0,40,375,32,80,344.76,3190,5,3665,2016
"J.Ryan",3493,"P","SEA",18,76,76,4.27,40.16,44.18,8.8,1,0,13,23,29,64.8,31,64,7,0,36.8,246,28,77,324.42,3052,3,3358,2016
"B.Kern",4580,"P","TEN",16,77,77,4.34,38.64,44.18,10.5,0,0,6,27,31,67.3,33,71,4,0,42.9,347,33,77,334.17,2975,4,3402,2016
"K.Huber",5066,"P","CIN",16,78,78,4.17,39.54,46.32,9.7,0,0,8,20,7,54.7,28,72,4,0,48.7,369,38,78,325.56,3084,8,3613,2016
"T.Morstead",5088,"P","NO",16,57,57,4.55,42.35,48.26,8.2,0,0,8,7,20,85.7,23,66,8,0,50.9,237,29,57,259.54,2414,5,2751,2016
"P.McAfee",5146,"P","IND",16,55,55,4.46,43.49,49.29,8.2,1,0,5,17,14,87.8,23,74,7,0,30.9,139,17,56,245.55,2392,9,2711,2016
"B.Colquitt",5192,"P","CLV",16,83,83,4.34,40.35,45.36,8.7,0,0,9,23,8,64.7,24,65,4,0,51.8,376,43,83,360.08,3349,2,3765,2016
"G.Gano",5443,"K","CAR",1,4,4,4.35,29.75,45,10.5,0,0,0,0,5,50.2,0,54,0,0,50,21,2,4,17.41,119,2,180,2016
"M.Bosher",6344,"P","ATL",17,55,55,4.54,41.16,46.4,9.9,0,0,6,20,2,83.3,30,68,1,0,45.5,248,25,55,249.88,2264,2,2552,2016
"C.Jones",6798,"P","DAL",17,60,60,4.66,41.4,45.93,8.7,1,0,5,19,9,82.1,27,66,10,0,36.7,192,22,61,279.71,2484,4,2756,2016
"B.Anger",7072,"P","TB",16,70,70,4.72,42.7,45.93,5.5,0,0,9,29,30,83.6,38,59,3,0,32.9,126,23,70,330.62,2989,5,3215,2016
"B.Nortman",7192,"P","JAX",16,77,77,4.52,39.47,46.6,13,0,0,14,19,15,65.4,32,78,5,0,39,389,30,77,348.09,3039,8,3588,2016
"J.Hekker",7252,"P","LA",16,98,98,4.39,46,47.76,4.3,0,0,11,40,26,80.1,57,78,11,0,35.7,152,35,98,429.87,4508,1,4680,2016
"D.Butler",7302,"P","ARZ",7,32,32,4.34,35.63,42.19,10.5,0,0,2,8,1,45,10,62,2,0,62.5,210,20,32,138.88,1140,0,1350,2016
"M.King",7410,"P","OAK",17,91,91,4.36,41.37,48.27,11.9,0,0,15,16,23,76.6,40,72,13,3,39.6,428,36,91,396.34,3765,10,4393,2016
"R.Quigley",7573,"P","ARZ",6,34,34,4.71,38.26,41.65,9.4,1,0,5,18,1,65.9,15,55,1,0,23.5,75,8,35,160.26,1301,2,1416,2016
"J.Locke",7937,"P","MIN",16,74,74,4.41,38.97,42.64,8.8,0,0,14,28,18,62.4,34,72,3,0,32.4,211,24,74,326.19,2884,3,3155,2016
"S.Martin",7947,"P","DET",17,67,67,4.45,44.28,48.39,6,0,0,8,17,11,71.9,30,63,3,0,53.7,215,36,67,297.99,2967,3,3242,2016
"C.Schmidt",8104,"P","BUF",16,75,75,4.29,38.15,42.44,6.9,0,0,7,8,4,52.8,24,58,18,0,50.7,262,38,75,321.7,2861,3,3183,2016
"R.Allen",8242,"P","NE",19,84,84,4.22,40.98,44.29,5.9,0,0,16,24,19,63,35,58,8,0,35.7,178,30,84,354.29,3442,5,3720,2016
"B.Wing",8256,"P","NYG",17,101,101,4.13,40.29,45.63,9.3,0,0,20,18,21,62.7,37,63,13,0,40.6,380,41,101,417.31,4069,8,4609,2016
"T.Way",8358,"P","WAS",16,49,49,4.41,38.92,45.08,8.2,0,0,4,7,32,69.7,18,61,7,0,55.1,222,27,49,216.05,1907,4,2209,2016
"P.O'Donnell",8826,"P","CHI",16,68,68,4.44,38.41,44.03,13.4,0,0,5,31,6,71.3,27,67,5,0,30.9,282,21,68,301.89,2612,5,2994,2016
"C.Catanzaro",9140,"K","ARZ",1,2,2,3.61,33,33,NA,0,0,1,0,1,58.8,0,47,1,0,0,0,0,2,7.21,66,0,66,2016
"M.Palardy",9277,"P","CAR",7,36,36,4.32,37.92,42.53,6,0,0,7,6,5,58.7,15,56,0,0,58.3,126,21,36,155.55,1365,2,1531,2016
"J.Schum",9373,"P","GB",19,67,67,4.3,39.81,43.94,8.4,0,0,9,21,12,62.5,22,66,11,0,31.3,177,21,67,288.28,2667,5,2944,2016
"B.Pinion",9598,"P","SF",16,100,100,4.5,39.77,44.02,8.6,0,0,11,41,28,56.2,28,65,4,0,40,345,40,100,449.5,3977,4,4402,2016
"M.Darr",9812,"P","MIA",17,92,92,4.26,39.83,44.49,8.1,0,1,15,26,17,66.1,36,66,7,1,41.3,309,38,92,391.99,3664,6,4093,2016
"M.Wile",9972,"K","ARZ",4,12,12,4.51,43,46.08,5.3,1,0,2,3,1,72.9,2,59,0,0,58.3,37,7,13,54.07,516,0,553,2016
"J.Berry",10236,"P","PIT",19,75,75,4.35,40.13,44.91,9.6,1,0,9,19,25,65.5,30,64,14,0,38.7,278,29,76,326.04,3010,4,3368,2016
"D.Kaser",10813,"P","SD",16,59,59,4.31,39.81,46.29,8.5,0,0,6,10,27,50.7,19,69,5,0,55.9,282,33,59,254.03,2349,5,2731,2016
"R.Dixon",10862,"P","DEN",16,89,89,4.29,41.31,45.71,6.9,0,0,12,25,10,63.4,31,68,6,0,43.8,271,39,89,381.55,3677,6,4068,2016
"L.Edwards",10869,"P","NYJ",16,75,75,4.35,37.83,43.15,9.1,1,0,8,22,22,50,27,59,6,0,46.7,319,35,76,326.02,2837,4,3236,2016
"S.Lechler",673,"P","HST",16,92,92,4.36,41.29,48.99,12.4,0,0,8,22,13,73.8,37,68,8,1,53.3,608,49,92,401.48,3799,5,4507,2017
"A.Lee",1906,"P","ARZ",16,88,88,4.32,39.69,47.26,10.5,0,0,13,13,1,67.8,30,63,6,0,54.5,506,48,88,379.8,3493,8,4159,2017
"D.Jones",1939,"P","PHI",19,74,74,4.18,41.03,44.96,7.1,1,0,16,20,24,55.3,27,62,7,0,32.4,171,24,75,309.02,3036,6,3327,2017
"D.Colquitt",2316,"P","KC",17,70,70,4.47,41.2,45.51,6.7,0,0,9,23,16,60,32,77,5,0,38.6,182,27,70,312.97,2884,6,3186,2017
"S.Koch",3148,"P","BLT",16,84,84,4.3,40.81,44.82,8.1,1,0,13,18,3,69,40,67,16,0,40.5,277,34,85,361.25,3428,3,3765,2017
"M.Prater",3471,"K","DET",1,4,4,3.72,34.75,34.75,NA,0,0,2,2,11,43.1,1,47,0,0,0,0,0,4,14.89,139,0,139,2017
"J.Ryan",3493,"P","SEA",16,92,92,4.29,38.79,45.01,10,0,0,12,19,29,67.6,29,74,10,0,48.9,452,45,92,395.05,3569,6,4141,2017
"B.Kern",4580,"P","TEN",18,85,85,4.21,44.16,49.12,7.1,0,0,5,13,31,82.3,35,74,17,0,52.9,321,45,85,357.56,3754,5,4175,2017
"K.Huber",5066,"P","CIN",16,88,88,4.22,41.26,46.6,9.5,1,0,12,23,7,61.1,33,63,7,0,48.9,410,43,89,371.36,3631,3,4101,2017
"T.Morstead",5088,"P","NO",17,68,68,4.54,42.03,47.01,10.3,0,0,9,22,20,91.5,29,68,7,0,39.7,279,27,68,309,2858,3,3197,2017
"B.Colquitt",5192,"P","CLV",16,80,80,4.25,41.11,47.64,10.7,1,0,15,13,8,60.9,26,67,5,0,56.3,482,45,81,339.82,3289,2,3811,2017
"M.Bosher",6344,"P","ATL",18,64,64,4.55,40.84,44.38,6.6,0,0,5,25,2,71.6,24,62,4,0,43.8,186,28,64,291.07,2614,2,2840,2017
"C.Jones",6798,"P","DAL",16,66,66,4.6,41.41,44.06,4.2,0,0,14,20,9,81,38,62,9,0,27.3,75,18,66,303.66,2733,5,2908,2017
"B.Anger",7072,"P","TB",16,65,65,4.55,40.06,43.95,5.7,1,0,7,21,30,70,26,62,5,0,41.5,153,27,66,295.72,2604,5,2857,2017
"B.Nortman",7192,"P","JAX",19,106,106,4.33,39.3,43.58,7.4,1,0,11,33,15,65.2,41,65,17,0,34.9,274,37,107,459.17,4166,9,4620,2017
"J.Hekker",7252,"P","LA",17,70,70,4.36,44.21,47.59,6,0,0,9,15,26,78.8,36,70,16,0,37.1,156,26,70,305.07,3095,4,3331,2017
"M.King",7410,"P","OAK",16,69,69,4.44,42.68,47.39,6.4,0,0,10,15,23,81.8,31,65,6,0,46.4,205,32,69,306.02,2945,6,3270,2017
"R.Quigley",7573,"P","MIN",18,78,78,4.5,38.49,41.87,8.6,0,0,7,36,18,80.5,33,56,7,0,33.3,224,26,78,351.05,3002,2,3266,2017
"J.Locke",7937,"P","DET",5,27,27,4.47,42.22,45.26,7.5,0,0,2,11,11,74.5,11,54,3,0,40.7,82,11,27,120.61,1140,0,1222,2017
"S.Martin",7947,"P","DET",9,41,41,4.2,37.63,43.39,8.3,0,0,4,12,11,53.2,13,64,5,0,34.1,116,14,41,172.1,1543,6,1779,2017
"C.Schmidt",8104,"P","BUF",17,87,87,4.25,40.51,44.55,5.3,0,0,10,19,4,64.6,35,60,11,0,46,212,40,87,370,3524,7,3876,2017
"R.Allen",8242,"P","NE",18,68,68,4.08,40.43,43.15,4.4,0,0,14,19,19,47.4,30,60,7,0,35.3,105,24,68,277.74,2749,4,2934,2017
"B.Wing",8256,"P","NYG",16,95,95,4.1,37.48,44.09,10.4,2,0,16,20,21,47.3,22,69,7,0,45.3,448,43,97,389.42,3561,9,4189,2017
"T.Way",8358,"P","WAS",16,83,83,4.53,39.02,45.71,11.2,0,0,7,26,32,77.1,34,64,5,0,47,435,39,83,375.8,3239,6,3794,2017
"B.McManus",8437,"K","DEN",1,1,1,3.79,26,26,NA,0,0,1,0,10,60,1,26,0,0,0,0,0,1,3.79,26,0,26,2017
"P.O'Donnell",8826,"P","CHI",16,87,87,4.19,39.71,46.98,10.4,0,0,9,15,6,55.3,27,69,8,0,56.3,512,49,87,364.87,3455,6,4087,2017
"K.Redfern",9155,"P","DET",1,1,1,3.81,50,50,0,0,0,0,0,11,60,0,50,0,0,100,0,1,1,3.81,50,0,50,2017
"M.Palardy",9277,"P","CAR",17,74,74,4.49,42.45,46.14,6,0,0,10,22,5,74.2,26,63,6,0,43.2,193,32,74,332.02,3141,4,3414,2017
"B.Pinion",9598,"P","SF",16,75,75,4.38,41.29,43.4,4.3,0,0,10,23,28,70.3,35,59,8,0,42.7,138,32,75,328.48,3097,1,3255,2017
"J.Berry",10236,"P","PIT",17,66,66,4.5,39.47,43.06,7.7,0,0,7,24,25,75.6,28,62,9,0,34.8,177,23,66,296.69,2605,3,2842,2017
"D.Kaser",10813,"P","LAC",15,74,74,4.1,41.34,48.08,6.6,0,0,7,6,27,59.6,33,69,4,0,64.9,319,48,74,303.12,3059,9,3558,2017
"R.Dixon",10862,"P","DEN",16,73,73,4.23,41.27,45.63,8.6,2,0,12,23,10,57.2,24,60,5,0,41.1,258,30,75,308.49,3013,3,3331,2017
"L.Edwards",10869,"P","NYJ",16,94,94,4.18,40.5,46.57,10,0,0,10,23,22,58.4,36,70,8,0,52.1,491,49,94,392.46,3807,4,4378,2017
"Z.Gonzalez",11979,"K","CLV",1,1,1,3.23,16,16,NA,0,0,0,0,8,60,0,16,1,0,0,0,0,1,3.23,16,0,16,2017
"J.Vogel",12119,"P","GB",16,71,71,4.34,41.56,44.44,5.7,0,0,8,24,12,54.2,22,62,8,0,40.8,164,29,71,308.31,2951,2,3155,2017
"R.Sanchez",12130,"P","IND",16,84,84,4.38,43.14,44.81,4.7,1,0,19,27,14,74.2,30,61,16,0,20.2,80,17,85,368.08,3624,3,3764,2017
"M.Haack",12212,"P","MIA",16,83,83,4.31,40.66,44.52,6.3,0,0,17,20,17,59,33,64,6,0,42.2,220,35,83,357.89,3375,5,3695,2017
"B.Roethlisberger",1732,"QB","PIT",1,1,1,2.48,9,27,18,0,0,0,0,25,60,0,27,0,0,0,18,0,1,2.48,9,0,27,2018
"A.Lee",1906,"P","ARZ",16,94,94,4.37,42.64,48.6,9.5,0,0,12,24,1,75.6,33,64,7,0,46.8,420,44,94,410.53,4008,7,4568,2018
"D.Jones",1939,"","LAC",14,58,58,4.09,36.97,41.45,6.9,0,0,6,14,27,44.7,16,59,8,0,44.8,180,26,58,237.45,2144,4,2404,2018
"D.Colquitt",2316,"P","KC",17,53,53,4.37,39.87,44.3,6.8,1,0,11,15,16,64.1,26,67,2,0,37.7,135,20,54,231.41,2113,5,2348,2018
"S.Koch",3148,"P","BLT",17,66,66,4.26,40.14,47.12,10.3,1,0,7,11,3,71.8,29,65,8,0,53,361,35,67,281.06,2649,5,3110,2018
"B.Kern",4580,"P","TEN",16,74,74,4.2,42.26,47.07,9,1,0,7,16,31,68.6,39,62,15,0,44.6,296,33,75,310.82,3127,3,3483,2018
"K.Huber",5066,"P","CIN",16,71,71,4.2,39.99,43.93,7.3,1,0,12,24,7,53.8,30,69,2,0,42.3,220,30,72,298.37,2839,3,3119,2018
"T.Morstead",5088,"P","NO",16,50,50,4.55,43.22,46.02,4.6,0,0,3,19,20,82.1,18,60,11,0,26,60,13,50,227.54,2161,4,2301,2018
"B.Colquitt",5192,"P","CLV",16,83,83,4.33,39.16,45.39,10.7,2,0,11,22,8,64.4,32,79,7,0,44.6,397,37,85,359.48,3250,6,3767,2018
"M.Bosher",6344,"P","ATL",16,60,60,4.46,41.42,45.48,6.8,2,0,6,21,2,68.8,24,57,3,0,45,184,27,62,267.66,2485,3,2729,2018
"C.Jones",6798,"P","DAL",18,69,69,4.45,39.35,44.35,8.5,0,0,11,16,9,68.9,20,63,4,0,52.2,305,36,69,306.89,2715,2,3060,2018
"B.Anger",7072,"P","TB",16,57,57,4.41,39.58,45.04,8.6,1,0,7,16,30,61.4,15,64,3,0,47.4,231,27,58,251.46,2256,4,2567,2018
"J.Hekker",7252,"P","LA",19,57,57,4.13,43.42,45.98,7.6,0,0,15,10,26,75.9,28,68,16,0,24.6,106,14,57,235.62,2475,2,2621,2018
"M.King",7410,"P","DEN",4,20,20,3.96,39.7,44.05,8.4,0,0,4,2,10,61.3,8,66,5,0,40,67,8,20,79.29,794,1,881,2018
"S.Martin",7947,"P","DET",16,74,74,4.26,39.16,44.73,11.4,0,0,13,25,11,63.3,32,61,3,0,39.2,332,29,74,314.93,2898,4,3310,2018
"C.Sturgis",7948,"K","LAC",1,1,1,2.85,24,24,NA,0,0,1,0,27,60,1,24,0,0,0,0,0,1,2.85,24,0,24,2018
"C.Schmidt",8104,"P","BUF",3,16,16,3.7,33.75,42.25,16,0,0,2,4,4,38,4,55,2,0,37.5,96,6,16,59.18,540,2,676,2018
"R.Allen",8242,"P","NE",18,75,75,4.11,39.36,44.64,8.8,0,0,18,9,19,58.3,29,66,12,0,38.7,256,29,75,308.17,2952,7,3348,2018
"T.Way",8358,"P","WAS",16,79,79,4.37,41.49,45.33,9.8,0,0,19,26,32,69.2,43,63,3,0,39.2,303,31,79,345.07,3278,0,3581,2018
"P.O'Donnell",8826,"P","CHI",17,68,68,4.39,40.37,44.62,7.1,1,0,14,21,6,67.7,34,65,5,0,30.9,149,21,69,298.33,2745,7,3034,2018
"M.Palardy",9277,"P","CAR",16,61,61,4.4,40.95,45.23,8.2,0,0,7,24,5,75.3,26,59,4,0,36.1,181,22,61,268.58,2498,4,2759,2018
"B.Pinion",9598,"P","SF",16,68,68,4.47,39.68,43.72,7.8,1,0,4,28,28,64.7,23,64,7,0,36.8,195,25,69,303.69,2698,4,2973,2018
"M.Darr",9812,"","BUF",5,20,20,3.96,36.25,40.45,8,0,0,5,5,4,43.8,5,55,1,0,40,64,8,20,79.23,725,1,809,2018
"M.Wile",9972,"P","MIN",16,72,72,4.43,42.04,45.21,6.1,1,0,11,19,18,64.8,29,70,9,0,43.1,188,31,73,319.18,3027,2,3255,2018
"J.Berry",10236,"P","PIT",16,63,63,4.41,38.83,43.7,14.2,0,0,12,25,25,64.7,30,69,6,0,25.4,227,16,63,277.79,2446,4,2753,2018
"D.Kaser",10813,"P","GB",4,13,13,4.23,38.08,48.38,16.3,1,0,2,2,12,60.5,7,66,1,0,53.8,114,7,14,55.02,495,1,629,2018
"R.Dixon",10862,"P","NYG",16,71,71,4.21,41.82,45.44,6.6,0,0,15,16,21,56,24,60,9,0,38,177,27,71,298.96,2969,4,3226,2018
"L.Edwards",10869,"P","NYJ",16,82,82,4.15,40.79,45.89,7.6,0,0,10,15,22,52.5,25,67,10,0,51.2,318,42,82,340.14,3345,5,3763,2018
"R.Sanchez",12130,"P","IND",18,68,68,4.37,42.59,45.81,3.8,0,0,12,21,14,64,29,63,3,0,38.2,99,26,68,297.31,2896,6,3115,2018
"M.Haack",12212,"P","MIA",16,87,87,4.38,38.85,44.64,10.4,1,0,10,25,17,68.2,38,65,9,0,42.5,384,37,88,381,3380,6,3884,2018
"C.Johnston",12255,"P","PHI",18,71,71,4.17,43.13,47.94,5.9,0,0,5,22,24,51.2,31,68,3,0,47.9,202,34,71,296.32,3062,7,3404,2018
"J.Townsend",22261,"P","OAK",16,70,70,4.29,38.3,43.17,8.6,0,0,10,22,23,47.6,19,64,5,0,40,241,28,70,299.96,2681,5,3022,2018
"C.Bojorquez",27626,"P","BUF",8,45,45,4.26,40.24,45.07,6.9,1,0,8,9,4,53,23,60,4,0,44.4,137,20,46,191.53,1811,4,2028,2018
"L.Cooke",29214,"P","JAX",16,86,86,4.34,41.26,45.02,5,0,0,11,18,15,58.1,39,72,13,0,43,184,37,86,373.36,3548,7,3872,2018
"M.Dickson",35381,"P","SEA",17,85,85,4.21,42.76,48.46,9.1,1,0,14,10,29,73.8,35,69,14,0,49.4,384,42,86,357.92,3635,5,4119,2018
"C.Wadman",38062,"P","DEN",12,65,65,4.31,37.91,44.69,11.1,0,0,5,18,10,64.3,23,65,8,0,41.5,301,27,65,280.33,2464,7,2905,2018
"J.Scott",38809,"P","GB",15,71,71,4.52,39.3,44.73,10.3,1,0,11,27,12,64.2,21,67,4,0,28.2,206,20,72,320.88,2790,9,3176,2018
"T.Daniel",38843,"P","HST",17,79,79,4.22,39.39,43.94,7.6,0,0,9,25,13,56,39,61,6,0,43,259,34,79,333.2,3112,5,3471,2018
"A.Lee",1906,"P","ARZ",14,61,61,4.31,41.89,47.77,9,1,1,5,15,1,60.5,22,64,6,1,50.8,279,31,62,262.97,2555,4,2914,2019
"D.Colquitt",2316,"P","KC",19,56,56,4.38,40.39,44.13,5,2,0,12,16,16,60.7,26,68,1,0,39.3,109,22,58,245.26,2262,5,2471,2019
"S.Koch",3148,"P","BLT",16,41,41,4.19,40.88,46.32,9.5,1,0,5,11,3,66.8,21,62,6,0,36.6,143,15,42,171.68,1676,4,1899,2019
"B.Kern",4580,"P","TEN",19,93,93,4.22,42.82,47.32,9.1,0,0,11,21,31,88.9,45,70,22,0,35.5,299,33,93,392.2,3982,6,4401,2019
"K.Huber",5066,"P","CIN",16,75,75,4.31,42.11,45.25,5.4,0,0,9,30,7,63.9,32,63,6,0,33.3,136,25,75,323.15,3158,5,3394,2019
"T.Morstead",5088,"P","NO",17,65,65,4.31,43.02,46.14,7,0,0,7,24,20,70.2,34,64,7,0,40,183,26,65,279.96,2796,1,2999,2019
"B.Colquitt",5192,"P","MIN",17,74,74,4.48,42.5,45.81,7.5,0,0,10,26,18,74.4,28,61,7,0,40.5,225,30,74,331.48,3145,1,3390,2019
"M.Bosher",6344,"P","ATL",3,9,9,4.61,40.78,41.89,5,1,0,0,7,2,61.5,2,52,0,0,22.2,10,2,10,41.45,367,0,377,2019
"C.Jones",6798,"P","DAL",16,50,50,4.48,37.7,41.58,8.6,1,0,9,18,9,68.7,18,58,3,0,36,154,18,51,224.14,1885,2,2079,2019
"B.Anger",7072,"P","HST",15,53,53,4.45,44.25,46.17,3.1,0,0,10,20,13,72.9,31,71,1,0,37.7,62,20,53,235.66,2345,2,2447,2019
"J.Hekker",7252,"P","LA",16,66,66,4.31,42.95,47.3,8.1,1,0,10,14,26,69.4,26,69,14,0,34.8,187,23,67,284.72,2835,5,3122,2019
"S.Martin",7947,"P","DET",16,76,76,4.33,41.79,45.33,4.4,0,0,13,22,11,60.2,31,62,5,0,38.2,129,29,76,329.01,3176,7,3445,2019
"R.Allen",8242,"P","ATL",8,28,28,3.91,37.5,41.86,7.8,0,0,5,8,2,62.2,14,59,4,0,28.6,62,8,28,109.54,1050,3,1172,2019
"T.Way",8358,"P","WAS",16,79,79,4.36,44.11,49.61,9.1,0,0,12,19,32,71.3,31,79,5,0,49.4,354,39,79,344.77,3485,4,3919,2019
"P.O'Donnell",8826,"P","CHI",16,80,80,4.23,41.24,44.83,7.1,1,0,13,26,6,55.3,27,75,4,1,43.8,247,35,81,338.38,3299,2,3586,2019
"K.Redfern",9155,"P","ATL",3,9,9,4.41,36.89,41.22,7.8,0,0,0,3,2,60.2,3,54,1,0,55.6,39,5,9,39.68,332,0,371,2019
"M.Palardy",9277,"P","CAR",16,75,75,4.33,38.73,46.03,12.2,0,0,7,16,5,59.7,28,62,9,0,53.3,487,40,75,324.9,2905,3,3452,2019
"B.Pinion",9598,"P","TB",16,57,57,4.48,38.28,43.23,8.9,0,0,9,18,30,70.6,23,63,2,0,43.9,222,25,57,255.33,2182,3,2464,2019
"T.Long",9728,"K","LAC",15,48,48,4.06,40.92,47,7.6,0,0,3,8,27,52.8,20,60,2,0,68.8,252,33,48,195.01,1964,2,2256,2019
"M.Wile",9972,"P","ATL",2,6,6,4.53,44.67,48.33,5.5,0,0,0,0,2,63.7,3,60,2,0,66.7,22,4,6,27.16,268,0,290,2019
"J.Berry",10236,"P","PIT",16,74,74,4.44,40.85,45.51,9.1,0,0,12,24,25,64,27,69,5,0,39.2,265,29,74,328.33,3023,4,3368,2019
"R.Dixon",10862,"P","NYG",16,69,69,4.35,43.51,46.06,5.7,2,0,17,17,21,67,32,62,9,0,34.8,136,24,71,300.03,3002,2,3178,2019
"L.Edwards",10869,"P","NYJ",16,87,87,4.19,41.63,45.87,7,0,0,18,13,22,57.7,30,63,9,0,50.6,309,44,87,364.16,3622,3,3991,2019
"K.Fairbairn",11161,"K","HST",1,1,1,3.88,26,26,NA,0,0,0,0,13,60,1,26,1,0,0,0,0,1,3.88,26,0,26,2019
"Z.Gonzalez",11979,"K","ARZ",1,2,2,4.25,42,42,NA,0,0,1,1,1,59.7,0,44,0,0,0,0,0,2,8.49,84,0,84,2019
"R.Sanchez",12130,"P","IND",16,59,59,4.33,41.24,44.39,5.9,0,0,9,15,14,73.4,25,60,6,0,47.5,166,28,59,255.51,2433,1,2619,2019
"M.Haack",12212,"P","MIA",16,69,69,4.3,41.1,44.97,7.8,0,0,12,20,17,60.1,27,62,6,0,42,227,29,69,296.82,2836,2,3103,2019
"C.Johnston",12255,"P","PHI",17,74,74,4.21,42.38,46.32,6.4,0,0,9,21,24,54.9,34,61,7,0,44.6,212,33,74,311.63,3136,4,3428,2019
"A.Seibert",13701,"K","CLV",1,1,1,3.57,37,37,NA,0,0,1,0,8,60,1,37,0,0,0,0,0,1,3.57,37,0,37,2019
"C.Bojorquez",27626,"P","BUF",17,83,83,4.52,38.12,42.07,8.8,1,0,14,27,4,67.8,36,67,15,0,22.9,168,19,84,375.35,3164,8,3492,2019
"L.Cooke",29214,"P","JAX",16,75,75,4.42,44.53,46.76,5.3,0,0,11,26,15,70.2,29,66,12,0,32,127,24,75,331.3,3340,2,3507,2019
"R.Winslow",30026,"P","ARZ",2,6,6,4.15,44.17,48.5,1.5,0,0,1,0,1,53.8,2,55,0,0,66.7,6,4,6,24.88,265,1,291,2019
"J.Bailey",33963,"P","NE",17,86,86,4.38,41.08,44.98,6.3,0,0,12,20,19,71.9,41,65,18,0,32.6,175,28,86,376.77,3533,8,3868,2019
"M.Dickson",35381,"P","SEA",18,81,81,4.39,41.07,45.26,6.3,0,0,10,22,29,64.6,41,64,8,0,43.2,219,35,81,355.9,3327,6,3666,2019
"A.Cole",36038,"P","OAK",16,67,67,4.27,39.45,45.99,10.6,0,0,8,20,23,58.9,35,74,3,1,44.8,318,30,67,286.08,2643,6,3081,2019
"C.Wadman",38062,"P","DEN",16,78,78,4.37,39.36,44.33,9.6,0,0,9,21,10,63.8,31,60,12,0,41,308,32,78,340.9,3070,4,3458,2019
"J.Scott",38809,"P","GB",18,85,85,4.42,39.79,43.89,9.6,0,0,12,27,12,72.7,31,66,14,0,32.9,269,28,85,375.94,3382,4,3731,2019
"T.Daniel",38843,"P","HST",2,11,11,4.12,40.91,43.55,4.1,0,0,1,3,13,58.8,2,54,0,0,63.6,29,7,11,45.33,450,0,479,2019
"M.Wishnowsky",44663,"P","SF",19,60,60,4.33,41.52,44.7,5.2,0,0,9,18,28,64.2,29,65,5,0,41.7,131,25,60,259.95,2491,3,2682,2019
"J.Gillan",63303,"P","CLV",16,63,63,4.53,42.25,46.24,7.6,1,0,12,18,8,74.3,28,71,8,0,31.7,151,20,64,285.52,2662,5,2913,2019
"A.Lee",1906,"P","ARZ",16,58,58,4.22,39.64,44.83,9.1,0,0,9,20,1,59.7,23,61,2,0,37.9,201,22,58,244.81,2299,5,2600,2020
"D.Colquitt",2316,"P","JAX",6,26,26,4.26,38.08,43.58,7.4,0,0,2,8,15,58.8,10,59,0,0,53.8,103,14,26,110.79,990,2,1133,2020
"S.Koch",3148,"P","BLT",16,57,57,4.3,42.35,44.42,4.9,0,0,6,20,3,67.2,23,59,10,0,35.1,98,20,57,244.9,2414,1,2532,2020
"B.Kern",4580,"P","TEN",14,42,42,4.21,41.98,45.79,7.7,0,0,5,14,31,74,29,66,7,0,31,100,13,42,176.98,1763,3,1923,2020
"K.Huber",5066,"P","CIN",15,71,71,4.25,42.82,47.18,5.9,0,0,15,16,7,57.2,21,72,4,0,40.8,170,29,71,301.93,3040,7,3350,2020
"T.Morstead",5088,"P","NO",16,67,67,4.45,41.33,42.9,3.1,0,0,5,33,20,63.1,29,58,6,0,31.3,65,21,67,297.84,2769,2,2874,2020
"B.Colquitt",5192,"P","MIN",16,54,54,4.32,38.04,45.09,9.7,2,0,6,11,18,56.5,12,59,1,0,61.1,321,33,56,233.2,2054,3,2435,2020
"C.Jones",6798,"P","DAL",8,24,24,4.44,40.21,42.58,6.2,0,0,0,15,9,60.7,5,54,2,0,25,37,6,24,106.59,965,1,1022,2020
"B.Anger",7072,"P","HST",16,54,54,4.4,41.8,46.39,6.7,0,0,4,21,13,71.2,23,67,4,0,35.2,128,19,54,237.49,2257,6,2505,2020
"J.Hekker",7252,"P","LA",17,79,79,4.32,40.23,45.8,12.1,1,0,11,22,26,61,35,64,13,0,35.4,340,28,80,341.23,3178,5,3618,2020
"S.Martin",7947,"P","DEN",16,65,65,4.13,42.06,46.77,8.1,1,0,4,13,10,69.9,22,69,16,0,43.1,226,28,66,268.28,2734,4,3040,2020
"R.Allen",8242,"P","IND",3,14,14,3.78,38.57,48.57,10,0,0,1,0,14,55,3,65,1,0,71.4,100,10,14,52.89,540,2,680,2020
"T.Way",8358,"P","WAS",17,78,78,4.41,44.08,47.73,5.9,0,0,11,26,32,67.3,30,65,0,0,48.7,225,38,78,344.33,3438,3,3723,2020
"P.O'Donnell",8826,"P","CHI",17,71,71,4.17,39.28,45.14,11.3,0,0,10,25,6,54.4,30,64,3,0,39.4,316,28,71,295.89,2789,5,3205,2020
"B.Pinion",9598,"P","TB",18,68,68,4.35,39.54,44.5,11,0,0,8,20,30,78.9,28,62,11,0,39.7,297,27,68,296.03,2689,2,3026,2020
"T.Long",9728,"K","LAC",16,57,57,4.18,35.88,46.82,15.2,3,0,4,8,27,55.8,13,63,5,0,64.9,564,37,60,238.18,2045,3,2669,2020
"J.Berry",10236,"P","PIT",12,60,60,4.37,40.07,45.57,10.9,0,0,4,21,25,65.5,26,62,8,0,38.3,250,23,60,262.21,2404,4,2734,2020
"R.Dixon",10862,"P","NYG",16,65,65,4.36,39.37,44.78,9.3,1,0,14,18,21,64,28,71,2,0,38.5,232,25,66,283.08,2559,6,2911,2020
"K.Fairbairn",11161,"K","HST",1,1,1,3.68,26,26,NA,0,0,1,0,13,60,1,26,0,0,0,0,0,1,3.68,26,0,26,2020
"A.Rosas",11331,"K","JAX",1,3,3,3.67,29,36.67,11.5,0,0,0,0,15,50.6,0,44,1,0,66.7,23,2,3,11.02,87,0,110,2020
"J.Elliott",11908,"K","PHI",1,2,2,3.58,38.5,38.5,0,0,0,0,0,24,58.8,1,42,0,0,100,0,2,2,7.16,77,0,77,2020
"R.Sanchez",12130,"P","IND",14,44,44,4.26,40.73,45.75,7.4,1,0,7,11,14,70.4,20,60,3,0,43.2,141,19,45,187.3,1792,4,2013,2020
"M.Haack",12212,"P","MIA",16,68,68,4.43,39.75,44.71,12.4,0,0,15,22,17,66.3,30,63,5,0,35.3,297,24,68,301.43,2703,2,3040,2020
"C.Johnston",12255,"P","PHI",16,71,71,4.33,41.18,46.73,6.7,1,0,5,13,24,63,29,66,6,0,57.7,274,41,72,307.08,2924,6,3318,2020
"J.Townsend",22261,"P","BLT",1,2,2,4.25,37,50,13,0,0,0,0,3,60.2,0,55,0,0,100,26,2,2,8.49,74,0,100,2020
"C.Bojorquez",27626,"P","BUF",18,52,52,4.4,43.33,49.33,8.4,0,0,7,9,4,69.8,24,72,10,0,34.6,152,18,52,228.91,2253,8,2565,2020
"L.Cooke",29214,"P","JAX",14,56,56,4.31,43.23,47.66,7,0,0,13,11,15,62.1,19,67,6,0,37.5,148,21,56,241.35,2421,5,2669,2020
"H.Niswander",29601,"P","DAL",8,26,26,4.54,42.04,47.23,10.6,0,0,1,14,9,58.3,10,58,0,0,34.6,95,9,26,118.04,1093,2,1228,2020
"T.Townsend",33007,"P","KC",18,56,56,4.42,39.84,44.46,7.4,0,0,5,18,16,68.3,21,67,10,0,28.6,119,16,56,247.75,2231,7,2490,2020
"S.Hofrichter",33541,"P","ATL",16,56,56,4.42,39.27,42.52,5.5,0,0,5,19,2,70.2,17,57,4,0,46.4,142,26,56,247.28,2199,2,2381,2020
"J.Charlton",33672,"P","CAR",16,45,45,4.57,40.84,46.27,10.2,0,0,6,16,5,76.1,21,67,2,0,40,184,18,45,205.45,1838,3,2082,2020
"J.Bailey",33963,"P","NE",16,55,55,4.37,45.58,48.69,5.9,0,0,15,18,19,74.8,34,71,5,0,21.8,71,12,55,240.58,2507,5,2678,2020
"J.Fox",34735,"P","DET",16,59,59,4.55,44.76,49.1,5.5,0,0,11,16,11,82.8,29,67,4,0,35.6,116,21,59,268.33,2641,7,2897,2020
"M.Dickson",35381,"P","SEA",17,69,69,4.29,45.01,50.35,7.2,0,0,11,14,29,82,36,71,7,0,42,208,29,69,296.14,3106,8,3474,2020
"A.Cole",36038,"P","LV",16,44,44,4.37,40.14,44.07,9.5,0,0,6,16,23,66.1,24,63,6,0,31.8,133,14,44,192.1,1766,2,1939,2020
"J.Scott",38809,"P","GB",17,51,51,4.57,38.29,45.37,15.8,1,0,10,10,12,78.6,17,62,9,0,37.3,301,19,52,232.95,1953,3,2314,2020
"T.Daniel",38843,"P","TEN",2,4,4,3.95,37.5,39.25,7,1,0,0,2,31,51.7,0,52,1,0,25,7,1,5,15.79,150,0,157,2020
"M.Wishnowsky",44663,"P","SF",15,66,66,4.44,42.27,46.86,8,1,0,5,28,28,75.4,27,60,4,0,34.8,183,23,67,292.87,2790,6,3093,2020
"B.Mann",44664,"P","NYJ",16,82,82,4.39,37.22,43.88,11.7,0,0,10,20,22,64.4,19,60,9,0,46.3,446,38,82,360.22,3052,5,3598,2020
"J.Gillan",63303,"P","CLV",18,58,58,4.3,38.34,43.74,9,0,0,5,18,8,60.1,20,59,4,0,48.3,253,28,58,249.11,2224,3,2537,2020
"A.Lee",1906,"P","ARZ",17,56,56,4.2,42.11,48.96,8.9,0,0,5,11,1,48.1,13,62,3,0,57.1,284,32,56,235.15,2358,5,2742,2021
"D.Colquitt",2316,"P","CLV",11,48,48,4.11,39.1,44.46,9.4,1,0,5,10,8,57.1,15,66,9,0,43.8,197,21,49,197.29,1877,3,2134,2021
"R.Gould",2607,"K","SF",1,2,2,4.03,45,45,NA,0,0,1,1,28,58.6,1,47,0,0,0,0,0,2,8.05,90,0,90,2021
"S.Koch",3148,"P","BLT",17,71,71,4.26,40.01,44.35,7.4,0,0,10,16,3,67,28,61,10,0,43.7,228,31,71,302.65,2841,4,3149,2021
"B.Kern",4580,"P","TEN",15,51,51,4.06,40.51,44.53,10.3,0,0,8,14,31,62.2,21,59,10,0,35.3,185,18,51,207.22,2066,1,2271,2021
"K.Huber",5066,"P","CIN",20,82,82,4.17,40.89,45.59,7.4,0,0,9,20,7,52.8,28,61,11,0,43.9,265,36,82,342.34,3353,6,3738,2021
"T.Morstead",5088,"P","ATL",14,45,45,4.25,42.04,47.18,10.1,0,0,4,17,2,68.7,21,64,3,0,42.2,191,19,45,191.33,1892,2,2123,2021
"B.Anger",7072,"P","DAL",18,70,70,4.48,45.1,48.73,6.7,0,0,8,27,9,77.1,29,63,5,0,37.1,174,26,70,313.84,3157,4,3411,2021
"J.Hekker",7252,"P","LA",21,67,67,4.16,41.79,44.24,6.9,0,0,11,27,26,62.2,33,59,11,0,22.4,104,15,67,279.05,2800,3,2964,2021
"S.Martin",7947,"P","DEN",17,67,67,4.17,42.82,46.01,6.4,0,0,7,24,10,72.2,31,68,9,0,35.8,154,24,67,279.63,2869,3,3083,2021
"T.Way",8358,"P","WAS",15,60,60,4.31,42.07,48.35,9.1,1,0,8,14,32,63.1,22,66,5,1,43.3,237,26,61,258.88,2524,7,2901,2021
"P.O'Donnell",8826,"P","CHI",17,62,62,4.09,38.55,46.21,11,0,0,7,13,6,57,20,72,3,0,54.8,375,34,62,253.87,2390,5,2865,2021
"M.Palardy",9277,"P","MIA",17,78,78,4.14,40.09,44.73,8.7,0,0,12,27,17,54.7,31,65,4,0,38.5,262,30,78,323.27,3127,5,3489,2021
"B.Pinion",9598,"P","TB",17,67,67,4.41,39.01,43.75,8.9,0,0,9,18,30,63.9,28,65,8,0,43.3,257,29,67,295.17,2614,3,2931,2021
"T.Long",9728,"K","LAC",14,46,46,4.2,37.57,45.46,11.1,1,0,4,5,27,50.9,12,69,6,0,63,323,29,47,193.27,1728,2,2091,2021
"J.Berry",10236,"P","MIN",17,78,78,4.12,41.35,46.46,8.7,1,0,10,15,18,57,28,64,11,0,50,339,39,79,321.1,3225,3,3624,2021
"R.Dixon",10862,"P","NYG",17,74,74,4.16,39.54,44.36,8.5,0,0,17,15,21,51.2,24,63,8,0,37.8,237,28,74,307.55,2926,6,3283,2021
"L.Edwards",10869,"P","CAR",10,38,38,4.07,41.61,47.92,8.7,1,0,2,9,5,55.3,9,62,2,0,60.5,200,23,39,154.73,1581,2,1821,2021
"Z.Gonzalez",11979,"K","CAR",1,1,1,3.37,20,40,NA,0,0,0,0,5,60,0,40,0,0,0,0,0,1,3.37,20,1,40,2021
"H.Butker",11988,"K","KC",1,1,1,3.21,31,31,NA,0,0,1,0,16,60,1,31,0,0,0,0,0,1,3.21,31,0,31,2021
"Y.Koo",12042,"K","ATL",1,2,2,2.95,35,35,NA,0,0,1,0,2,57.5,0,45,1,0,0,0,0,2,5.89,70,0,70,2021
"R.Sanchez",12130,"P","IND",17,59,59,4.23,39.66,44.53,9.5,0,0,8,15,14,70.6,26,79,7,0,47.5,267,28,59,249.86,2340,1,2627,2021
"M.Haack",12212,"P","BUF",16,56,56,4.07,37.66,42.95,8.2,1,0,10,12,4,49.5,20,63,8,0,33.9,156,19,57,227.68,2109,7,2405,2021
"C.Johnston",12255,"P","HST",17,88,88,4.14,41.74,46.68,7.9,0,0,10,22,13,62.1,39,69,7,0,51.1,355,45,88,364.16,3673,4,4108,2021
"T.Vizcaino",13076,"K","LAC",1,1,1,4.01,26,32,6,0,0,0,0,27,60,1,32,0,0,0,6,0,1,4.01,26,0,32,2021
"J.Townsend",22261,"P","KC",4,13,13,3.96,36.77,42.77,11.6,0,0,0,5,16,46.7,3,63,2,0,38.5,58,5,13,51.44,478,1,556,2021
"C.Bojorquez",27626,"P","GB",18,58,58,4.26,40.21,46.59,12.1,1,0,8,12,12,62,22,82,10,0,41.4,290,24,59,247.11,2332,4,2702,2021
"L.Cooke",29214,"P","JAX",15,64,64,4.34,44.27,47.28,8.2,1,0,8,26,15,72.6,32,68,8,0,32.8,173,21,65,277.96,2833,1,3026,2021
"R.Winslow",30026,"P","WAS",4,16,16,4.01,37.44,39.06,2.9,0,0,3,3,32,45.4,3,46,1,0,56.3,26,9,16,64.15,599,0,625,2021
"T.Townsend",33007,"P","KC",18,47,47,4.37,42.6,46.4,5,0,0,5,14,16,46.2,25,68,4,0,42.6,99,20,47,205.19,2002,4,2181,2021
"S.Hofrichter",33541,"P","TB",2,6,6,4.34,34.17,37.83,11,0,0,0,4,30,59.5,3,45,0,0,33.3,22,2,6,26.04,205,0,227,2021
"J.Charlton",33672,"P","JAX",6,24,24,4.54,38.04,40.54,10,1,0,2,14,15,61.8,8,57,3,0,16.7,40,4,25,108.98,913,1,973,2021
"J.Bailey",33963,"P","NE",18,52,52,4.17,41.27,47.27,10.7,3,0,6,14,19,63.1,28,71,8,0,34.6,192,18,55,216.88,2146,6,2458,2021
"M.Ammendola",34039,"K","NYJ",1,6,6,3.98,42.5,48.5,12,0,0,0,1,22,56,2,65,2,0,50,36,3,6,23.88,255,0,291,2021
"J.Fox",34735,"P","DET",17,65,65,4.24,42.31,49.2,8.8,0,0,11,10,11,59.9,18,70,2,0,53.8,308,35,65,275.69,2750,7,3198,2021
"M.Dickson",35381,"P","SEA",17,83,83,4.2,41.7,46.93,7.3,0,0,13,22,29,65.9,43,68,6,0,38.6,234,32,83,348.7,3461,10,3895,2021
"A.Cole",36038,"P","LV",18,66,66,4.33,42.33,50.02,12.2,0,0,5,17,23,83.3,32,71,7,0,45.5,367,30,66,285.89,2794,7,3301,2021
"J.Scott",38809,"P","JAX",1,4,4,4.74,39.75,39.75,NA,0,0,0,4,15,56.5,1,47,0,0,0,0,0,4,18.97,159,0,159,2021
"C.Waitman",39620,"P","PIT",2,7,7,4.12,42.57,52.14,9.4,0,0,1,0,25,53.3,1,63,0,0,71.4,47,5,7,28.82,298,1,365,2021
"M.Wishnowsky",44663,"P","SF",19,71,71,4.26,40.49,44.61,7.5,0,0,12,23,28,58.4,29,67,7,0,32.4,172,23,71,302.66,2875,6,3167,2021
"B.Mann",44664,"P","NYJ",10,41,41,4.33,41.56,45.73,9.4,1,0,9,6,22,57.1,15,63,9,0,39,151,16,42,177.5,1704,1,1875,2021
"B.Gillikin",45045,"P","NO",17,83,83,4.25,41.99,47.66,9.1,0,0,11,18,20,64.9,32,63,7,0,51.8,391,43,83,352.87,3485,4,3956,2021
"C.Nizialek",60273,"P","PIT",4,18,18,4.09,39.78,45.39,8.7,0,0,3,3,25,53.6,7,62,3,0,38.9,61,7,18,73.59,716,2,817,2021
"P.Harvin",62973,"P","PIT",16,77,77,4.29,38.27,43.25,10.4,0,0,7,20,25,54.4,32,64,16,0,40.3,323,31,77,330.51,2947,3,3330,2021
"J.Gillan",63303,"P","CLV",12,42,42,4.22,39.52,43.86,8.5,0,0,3,12,8,52.6,16,65,7,0,45.2,162,19,42,177.29,1660,1,1842,2021
"A.Siposs",82019,"P","PHI",17,61,61,4.22,38.85,43.74,8.5,0,0,10,13,24,64.8,19,68,7,0,45.9,238,28,61,257.57,2370,3,2668,2021
"A.Lee",1906,"P","ARZ",17,67,67,4.26,40.9,47.12,9.1,1,0,6,16,1,63.4,20,65,4,0,55.2,337,37,68,285.28,2740,4,3157,2022
"B.Kern",4580,"P","PHI",5,17,17,3.79,37.71,42.18,7,0,0,1,5,24,50.2,4,53,2,0,47.1,56,8,17,64.35,641,1,717,2022
"K.Huber",5066,"P","CIN",9,31,31,4.27,37.42,43.23,14.5,0,0,3,13,7,54.4,10,63,3,0,35.5,160,11,31,132.43,1160,1,1340,2022
"T.Morstead",5088,"P","MIA",17,66,66,4.34,41.24,46.83,10,0,0,11,18,17,72.6,31,66,2,0,50,329,33,67,286.25,2722,2,3091,2022
"B.Anger",7072,"P","DAL",19,76,76,4.41,42.33,48.25,8.6,0,0,7,25,9,72.1,29,83,1,0,47.4,310,36,76,334.86,3217,7,3667,2022
"J.Hekker",7252,"P","CAR",17,81,81,4.37,44.09,48.42,8.6,0,0,10,31,5,74.3,39,67,7,0,33.3,231,27,81,354.24,3571,6,3922,2022
"S.Martin",7947,"P","BUF",17,54,54,4.22,41.13,47.48,11.2,1,0,6,15,4,66.9,20,67,7,0,37,223,20,55,227.99,2221,6,2564,2022
"T.Way",8358,"P","WAS",17,83,83,4.32,42.9,46.73,6.4,0,0,13,26,32,56.1,41,68,5,0,41,218,34,83,358.52,3561,5,3879,2022
"P.O'Donnell",8826,"P","GB",17,52,52,4.12,40.44,44.48,9.5,2,0,9,18,12,59,26,72,4,0,38.5,190,20,54,214.29,2103,1,2313,2022
"M.Palardy",9277,"P","NE",8,42,42,4.1,37.29,42.4,6.4,1,0,3,11,19,46.2,12,58,5,0,42.9,115,18,43,172.2,1566,5,1781,2022
"B.Pinion",9598,"P","ATL",17,62,62,4.48,41.21,45.89,10,0,0,7,22,2,75.7,27,73,6,0,40.3,250,25,62,277.86,2555,2,2845,2022
"R.Dixon",10862,"P","LA",16,71,71,4.21,42,48.37,10.3,2,0,6,14,26,79.5,19,67,11,0,50.7,372,36,73,299.17,2982,4,3434,2022
"J.Elliott",11908,"K","PHI",1,1,1,4.26,35,35,NA,0,0,1,0,24,60,0,35,0,0,0,0,0,1,4.26,35,0,35,2022
"M.Haack",12212,"P","IND",17,70,70,4.36,40.29,44.76,9.7,1,0,10,22,14,62.2,30,70,9,0,37.1,253,26,71,305.37,2820,3,3133,2022
"C.Johnston",12255,"P","HST",17,88,88,4.23,42.53,48.05,9,0,0,11,22,13,61.9,39,67,6,0,51.1,405,45,88,372.15,3743,4,4228,2022
"C.Bojorquez",27626,"P","CLV",17,61,61,4.3,40.75,48.28,12.3,0,0,11,9,8,71.9,27,76,8,0,42.6,319,26,61,262.14,2486,7,2945,2022
"L.Cooke",29214,"P","JAX",19,65,65,4.23,43.38,48.71,7.1,0,0,11,11,15,71.6,29,70,5,0,49.2,226,32,65,274.7,2820,6,3166,2022
"T.Townsend",33007,"P","KC",20,63,63,4.62,44.52,49.59,8.5,0,0,8,18,16,85.1,29,76,5,0,44.4,239,28,63,291.3,2805,4,3124,2022
"J.Bailey",33963,"P","NE",9,37,37,4.14,35.27,42.08,9.5,0,0,3,8,19,57.5,13,62,5,0,43.2,152,16,37,153.15,1305,5,1557,2022
"J.Fox",34735,"P","DET",16,52,52,4.23,41.38,48.56,10.4,0,0,7,9,11,55.3,15,66,3,0,57.7,313,30,52,219.73,2152,3,2525,2022
"M.Dickson",35381,"P","SEA",17,70,70,4.27,44.4,48.44,6.2,0,0,8,15,29,60.4,26,68,8,0,51.4,223,36,70,298.84,3108,3,3391,2022
"A.Cole",36038,"P","LV",17,59,59,4.34,43.9,48.88,11,0,0,9,16,23,82.4,28,67,8,0,42.4,274,25,59,256.34,2590,1,2884,2022
"J.Scott",38809,"P","LAC",18,78,78,4.71,41.06,43.14,3,0,0,12,34,27,69,33,60,6,0,26.9,62,21,78,367.58,3203,5,3365,2022
"C.Waitman",39620,"P","DEN",17,96,96,4.37,41.54,46.56,8.2,0,0,14,29,10,62.9,33,59,3,0,45.8,362,44,96,419.37,3988,6,4470,2022
"M.Wishnowsky",44663,"P","SF",20,70,70,4.29,39.89,43.79,8.5,0,0,17,21,28,73.3,38,74,8,0,25.7,153,18,70,300.2,2792,6,3065,2022
"B.Mann",44664,"P","NYJ",17,82,82,4.35,40.98,47.35,11.3,1,0,11,16,22,76.8,29,72,15,0,39,363,32,83,356.41,3360,8,3883,2022
"D.Chrisman",44787,"P","CIN",10,37,37,3.85,41.68,47.43,9.1,0,0,2,8,7,56.9,16,65,6,0,51.4,173,19,37,142.53,1542,2,1755,2022
"B.Gillikin",45045,"P","NO",17,77,77,4.25,41.56,46.39,8.9,0,0,13,25,20,69.7,35,68,6,0,33.8,232,26,77,327.53,3200,7,3572,2022
"R.Stonehouse",52045,"P","TEN",17,90,90,4.31,44.03,53.09,10.8,0,0,10,11,31,67.5,32,74,1,0,65.6,635,59,90,387.7,3963,9,4778,2022
"J.Stout",57649,"P","BLT",18,60,60,4.33,41.02,45.98,6.6,0,0,5,21,3,60.1,29,69,3,0,40,158,24,60,259.58,2461,7,2759,2022
"T.Gill",60295,"P","CHI",17,66,66,4.2,40.86,46.03,9.1,1,0,8,20,6,61,20,63,4,0,47,281,31,67,277.07,2697,3,3038,2022
"P.Harvin",62973,"P","PIT",17,69,69,4.38,41.09,44.52,5.7,0,0,11,22,25,67.5,21,69,7,0,34.8,137,24,69,302.5,2835,5,3072,2022
"J.Gillan",63303,"P","NYG",19,81,81,4.44,40.9,46.54,9.6,1,0,6,30,21,69.8,31,69,7,0,35.8,277,29,82,359.33,3313,9,3770,2022
"R.Wright",77591,"P","MIN",18,76,76,4.4,43.29,47.63,7.8,1,0,5,23,18,71,35,73,7,0,52.6,310,40,77,334.2,3290,1,3620,2022
"A.Siposs",82019,"P","PHI",14,46,46,4.22,39.26,45.74,10.8,1,0,7,11,24,54.2,19,59,3,0,47.8,238,22,47,193.93,1806,3,2104,2022
"J.Camarda",82636,"P","TB",18,84,84,4.46,41.7,48.86,11.2,0,0,7,22,30,72.5,27,74,10,0,40.5,381,34,84,374.56,3503,11,4104,2022
"N.Folk",3794,"K","TEN",1,2,2,3.96,39,40.5,3,0,0,0,1,31,59,0,41,0,0,50,3,1,2,7.91,78,0,81,2023
"T.Morstead",5088,"P","NYJ",17,99,99,4.32,41.78,48.8,11.1,0,0,7,28,22,72.9,40,62,8,0,48.5,535,48,99,427.32,4136,8,4831,2023
"B.Anger",7072,"P","DAL",16,46,46,4.55,44.67,50.91,10.3,0,0,3,15,9,87.5,19,63,2,0,52.2,247,24,46,209.48,2055,2,2342,2023
"J.Hekker",7252,"P","CAR",17,82,82,4.29,43.02,46.8,6.8,0,1,14,26,5,60.2,28,69,6,1,37.8,210,31,82,351.91,3528,5,3838,2023
"S.Martin",7947,"P","BUF",19,56,56,4.2,39.86,45.64,12.6,0,0,7,18,4,70.8,26,70,7,0,37.5,264,21,56,235.44,2232,3,2556,2023
"B.Wing",8256,"P","PIT",2,11,11,4.48,38.91,45,6.8,0,0,0,4,25,58.9,3,52,1,0,36.4,27,4,11,49.3,428,2,495,2023
"T.Way",8358,"P","WAS",17,73,73,4.3,41.78,46.04,8,2,0,11,25,32,50.7,30,66,1,0,46.6,271,34,75,313.87,3050,2,3361,2023
"B.Pinion",9598,"P","ATL",17,75,75,4.41,41.47,46.97,11.4,0,0,5,24,2,88.3,30,66,12,0,41.3,353,31,75,330.84,3110,3,3523,2023
"R.Dixon",10862,"P","DEN",17,79,79,4.29,42.33,46.32,6.3,0,0,8,27,10,69.2,28,68,7,0,39.2,195,31,79,338.7,3344,6,3659,2023
"R.Sanchez",12130,"P","IND",17,68,68,4.26,42.96,48.25,9.5,1,0,10,13,14,64.4,25,69,7,0,55.9,360,38,69,289.98,2921,0,3281,2023
"M.Haack",12212,"P","CLV",1,3,3,4.55,41.67,51.67,15,0,0,0,0,8,65.4,0,56,1,0,66.7,30,2,3,13.66,125,0,155,2023
"C.Johnston",12255,"P","HST",15,75,75,4.25,43.6,47.28,7,0,0,11,28,13,62.9,36,74,4,0,37.3,196,28,75,318.72,3270,4,3546,2023
"G.Joseph",22842,"K","MIN",1,1,1,2.96,-3,14,17,0,0,0,0,18,60,0,14,0,0,0,17,0,1,2.96,-3,0,14,2023
"C.Bojorquez",27626,"P","CLV",17,91,91,4.35,42.44,49.12,9.7,0,0,7,17,8,79,35,73,14,0,48.4,428,44,91,395.82,3862,9,4470,2023
"L.Cooke",29214,"P","JAX",17,61,61,4.34,43.77,47.43,6.5,0,0,5,22,15,77.8,30,65,8,0,36.1,143,22,61,264.56,2670,4,2893,2023
"T.Townsend",33007,"P","KC",21,74,74,4.44,41.93,47.19,9.5,0,0,13,24,16,68.4,25,68,5,0,32.4,229,24,74,328.89,3103,8,3492,2023
"J.Bailey",33963,"P","MIA",18,57,57,4.48,40.68,45.39,11.6,0,0,11,19,17,69.6,20,66,6,0,31.6,208,18,57,255.51,2319,3,2587,2023
"J.Fox",34735,"P","DET",20,67,67,4.6,42.27,46.57,7.6,0,0,9,27,11,70.7,38,74,3,0,32.8,168,22,67,307.91,2832,6,3120,2023
"M.Dickson",35381,"P","SEA",16,66,66,4.42,44.11,50.05,6.8,0,0,9,12,29,80,26,73,3,0,51.5,232,34,66,291.79,2911,8,3303,2023
"A.Cole",36038,"P","LV",17,75,75,4.25,45.07,50.44,9.1,0,0,3,20,23,83.6,37,83,15,0,41.3,283,31,75,318.68,3380,6,3783,2023
"J.Scott",38809,"P","LAC",17,75,75,4.72,42.29,46.33,8,0,0,8,31,27,78.6,33,83,4,0,37.3,223,28,75,354.22,3172,4,3475,2023
"M.Wishnowsky",44663,"P","SF",20,62,62,4.31,43.08,47.89,8.9,0,0,12,15,28,71.2,35,67,4,1,46.8,258,29,62,267.02,2671,2,2969,2023
"B.Mann",44664,"P","PHI",16,48,48,4.34,43.65,49.5,9,0,0,10,6,24,64.7,16,63,2,0,60.4,261,29,48,208.42,2095,1,2376,2023
"N.Cooney",44995,"P","ARZ",4,13,13,4.56,40.31,45.54,6.9,0,0,1,3,1,58.4,2,56,1,0,53.8,48,7,13,59.26,524,1,592,2023
"B.Gillikin",45045,"P","ARZ",12,51,51,4.29,43.57,50.59,11,0,0,9,9,1,69,13,77,2,0,56.9,318,29,51,218.9,2222,2,2580,2023
"R.Stonehouse",52045,"P","TEN",12,53,53,4.27,44.7,53.06,11,2,0,6,7,31,73.8,30,74,8,0,41.5,243,22,55,226.39,2369,10,2812,2023
"D.Whelan",57639,"P","GB",18,61,61,4.51,39.66,45.72,12.3,0,0,5,27,12,74.6,23,68,2,0,36.1,270,22,61,275.03,2419,5,2789,2023
"J.Stout",57649,"P","BLT",19,75,75,4.25,39.47,47.71,14.8,1,0,6,20,3,69.9,34,67,9,0,46.7,518,35,76,318.85,2960,5,3578,2023
"B.Baringer",60274,"P","NE",17,98,98,4.22,40.82,46.93,10,0,0,8,24,19,68.2,39,79,14,0,44.9,439,44,98,413.28,4000,8,4599,2023
"B.Robbins",60291,"P","CIN",17,76,76,4.24,40.34,44.33,7,0,0,8,26,7,56.7,25,62,8,0,38.2,203,29,76,322.36,3066,5,3369,2023
"T.Gill",60295,"P","CHI",17,67,67,4.28,37.99,46.09,12.8,0,0,10,13,6,65.6,21,76,6,0,44.8,383,30,67,286.88,2545,8,3088,2023
"P.Harvin",62973,"P","PIT",16,82,82,4.39,39.16,43.57,9.7,0,0,13,28,25,50.3,34,63,10,0,30.5,242,25,82,359.98,3211,6,3573,2023
"J.Gillan",63303,"P","NYG",17,95,95,4.18,42.34,46.02,6.9,0,0,9,36,21,60.3,41,74,7,0,41.1,270,39,95,396.67,4022,4,4372,2023
"R.Wright",77591,"P","MIN",17,59,59,4.36,41.92,48.69,9.3,0,0,2,15,18,68.3,20,68,7,0,47.5,260,28,59,257.47,2473,7,2873,2023
"A.Siposs",82019,"P","PHI",2,8,8,4.32,38.38,43.38,8,0,0,1,2,24,59.1,2,54,0,0,62.5,40,5,8,34.59,307,0,347,2023
"J.Camarda",82636,"P","TB",19,84,84,4.22,41.81,49.82,11.5,0,0,10,12,30,67.3,33,74,11,0,48.8,473,41,84,354.5,3512,10,4185,2023
"L.Hedley",98796,"P","NO",17,75,75,4.04,39.75,42.99,5.6,0,0,9,24,20,56.2,34,62,9,0,38.7,163,29,75,302.77,2981,4,3224,2023
"T.Zentner",99465,"P","TEN",9,38,38,4.21,40.37,44.87,10.1,0,0,4,16,31,46.9,11,64,5,0,23.7,91,9,38,159.79,1534,4,1705,2023
"E.Evans",112090,"P","LA",18,65,65,4.34,38.89,49.14,15.3,1,0,5,12,26,72.6,23,72,7,0,50.8,506,33,66,282.09,2528,8,3194,2023
